{"regist_target_img_scalef": 0.27173913, "tissue_hires_scalef": 0.09057971, "tissue_lowres_scalef": 0.027173912, "fiducial_diameter_fullres": 209.88301847479494, "spot_diameter_fullres": 139.92201231652996}